iteration,total,hold_success,dropped,time_out,r_face_alignment,r_hold_bonus,r_dropped_penalty,mean_reward,mean_ep_len,iter_time_s,steps_per_s,invalid_state,r_hold_progress,r_grasp_contact,r_excess_force,r_joint_limits,value_loss,surrogate_loss,action_std
0,5000,0.0,0.8546,0.0035,0.0146,0.0,-0.2067,-176.36,5.15,2.04,48142.0,0.0,0.0004,0.0024,-18.5894,-0.0002,14392.0536,-0.0084,1.0
1,5000,0.0,0.9996,0.0001,0.0161,0.0,-0.2083,-154.99,4.53,1.03,95807.0,0.0,0.0005,0.0025,-19.8475,-0.0002,12143.6677,-0.0087,1.0
2,5000,0.0,1.0,0.0,0.0151,0.0,-0.2083,-146.17,4.27,1.03,95386.0,0.0,0.0005,0.0022,-18.5341,-0.0002,10656.2721,-0.0069,1.0
3,5000,0.0,1.0,0.0,0.0143,0.0,-0.2083,-135.89,3.96,1.05,93197.0,0.0,0.0004,0.0021,-17.7497,-0.0002,9631.8479,-0.0059,1.0
4,5000,0.0,1.0,0.0,0.0137,0.0,-0.2083,-136.91,4.0,1.08,90888.0,0.0,0.0004,0.002,-17.011,-0.0002,8763.6937,-0.0054,1.0
5,5000,0.0,1.0,0.0,0.0134,0.0,-0.2083,-141.39,4.14,1.07,91672.0,0.0,0.0003,0.0019,-16.6249,-0.0001,8215.0963,-0.0075,1.0
6,5000,0.0,1.0,0.0,0.0131,0.0,-0.2083,-136.35,3.99,1.08,91321.0,0.0,0.0003,0.0018,-16.3037,-0.0001,7465.9141,-0.0066,1.0
7,5000,0.0,1.0,0.0,0.0128,0.0,-0.2083,-128.19,3.75,1.07,92223.0,0.0,0.0003,0.0018,-15.9526,-0.0001,6791.9646,-0.0063,1.0
8,5000,0.0,1.0,0.0,0.0126,0.0,-0.2083,-130.21,3.81,1.08,91174.0,0.0,0.0003,0.0018,-15.7205,-0.0001,6267.6218,-0.0067,1.0
9,5000,0.0,1.0,0.0,0.0124,0.0,-0.2083,-143.66,3.8,1.07,91467.0,0.0,0.0003,0.0017,-15.4326,-0.0001,5579.1984,-0.0047,1.0
10,5000,0.0,1.0,0.0,0.0123,0.0,-0.2083,-125.4,3.68,1.07,92199.0,0.0,0.0003,0.0017,-15.3211,-0.0001,5032.7343,-0.0035,0.99
11,5000,0.0,1.0,0.0,0.0122,0.0,-0.2083,-126.94,3.7,1.07,92295.0,0.0,0.0003,0.0017,-15.1992,-0.0001,4342.7428,-0.0048,0.99
12,5000,0.0,1.0,0.0,0.012,0.0,-0.2083,-122.95,3.61,1.08,91375.0,0.0,0.0003,0.0016,-14.9142,-0.0001,3955.2813,-0.0048,0.99
13,5000,0.0,1.0,0.0,0.0119,0.0,-0.2083,-120.95,3.55,1.07,91750.0,0.0,0.0003,0.0016,-14.7985,-0.0001,3539.3396,-0.0062,0.99
14,5000,0.0,1.0,0.0,0.0116,0.0,-0.2083,-116.98,3.41,1.09,90157.0,0.0,0.0002,0.0016,-14.5253,-0.0001,3227.4924,-0.0021,0.99
15,5000,0.0,1.0,0.0,0.0115,0.0,-0.2083,-120.99,3.54,1.1,89692.0,0.0,0.0002,0.0016,-14.3643,-0.0001,2935.5449,-0.0038,0.99
16,5000,0.0,1.0,0.0,0.0114,0.0,-0.2083,-118.33,3.45,1.08,90825.0,0.0,0.0002,0.0016,-14.2296,-0.0001,2829.1475,-0.0039,0.98
17,5000,0.0,1.0,0.0,0.0114,0.0,-0.2083,-117.58,3.45,1.09,90062.0,0.0,0.0002,0.0015,-14.1255,-0.0001,2312.8669,-0.0017,0.98
18,5000,0.0,1.0,0.0,0.0113,0.0,-0.2083,-117.72,3.44,1.08,90615.0,0.0,0.0002,0.0015,-14.0765,-0.0001,2231.2091,-0.0062,0.98
19,5000,0.0,1.0,0.0,0.0111,0.0,-0.2083,-117.66,3.43,1.09,89900.0,0.0,0.0002,0.0015,-13.8947,-0.0001,1995.3491,-0.0059,0.98
20,5000,0.0,1.0,0.0,0.0111,0.0,-0.2083,-118.49,3.48,1.09,90586.0,0.0,0.0002,0.0015,-13.8092,-0.0001,1743.986,-0.004,0.98
21,5000,0.0,1.0,0.0,0.011,0.0,-0.2083,-115.29,3.38,1.11,88298.0,0.0,0.0002,0.0015,-13.7161,-0.0001,1571.4695,-0.003,0.98
22,5000,0.0,1.0,0.0,0.0109,0.0,-0.2083,-116.7,3.42,1.08,91084.0,0.0,0.0002,0.0015,-13.5744,-0.0001,1245.7909,-0.0007,0.98
23,5000,0.0,1.0,0.0,0.0109,0.0,-0.2083,-112.84,3.29,1.09,90491.0,0.0,0.0002,0.0015,-13.4737,-0.0001,1226.8179,-0.0068,0.98
24,5000,0.0,1.0,0.0,0.0107,0.0,-0.2083,-111.1,3.25,1.08,90769.0,0.0,0.0002,0.0015,-13.348,-0.0001,1063.5784,-0.0067,0.98
25,5000,0.0,1.0,0.0,0.0107,0.0,-0.2083,-108.8,3.2,1.09,89908.0,0.0,0.0002,0.0015,-13.3104,-0.0001,952.1501,-0.003,0.98
26,5000,0.0,1.0,0.0,0.0106,0.0,-0.2083,-113.74,3.33,1.1,89144.0,0.0,0.0002,0.0014,-13.2016,-0.0001,889.3388,-0.0039,0.97
27,5000,0.0,1.0,0.0,0.0105,0.0,-0.2083,-105.38,3.08,1.11,88344.0,0.0,0.0002,0.0014,-13.0845,-0.0001,990.9506,-0.0041,0.97
28,5000,0.0,1.0,0.0,0.0105,0.0,-0.2083,-102.88,2.98,1.11,88632.0,0.0,0.0002,0.0014,-13.0615,-0.0001,946.3598,-0.0045,0.97
29,5000,0.0,1.0,0.0,0.0104,0.0,-0.2083,-112.14,3.27,1.11,88773.0,0.0,0.0002,0.0014,-12.915,-0.0001,828.4747,-0.0039,0.97
30,5000,0.0,1.0,0.0,0.0104,0.0,-0.2083,-100.68,2.94,1.11,88347.0,0.0,0.0002,0.0014,-12.841,-0.0001,715.3396,-0.004,0.97
31,5000,0.0,1.0,0.0,0.0103,0.0,-0.2083,-100.92,2.96,1.12,87642.0,0.0,0.0002,0.0014,-12.7105,-0.0001,638.1003,-0.0052,0.97
32,5000,0.0,1.0,0.0,0.0102,0.0,-0.2083,-109.21,3.23,1.1,88983.0,0.0,0.0002,0.0014,-12.656,-0.0001,647.6269,-0.005,0.97
33,5000,0.0,1.0,0.0,0.0102,0.0,-0.2083,-108.29,3.19,1.1,89553.0,0.0,0.0002,0.0014,-12.6474,-0.0001,676.3184,-0.0059,0.96
34,5000,0.0,1.0,0.0,0.0101,0.0,-0.2083,-102.97,3.04,1.11,88803.0,0.0,0.0002,0.0014,-12.4935,-0.0001,739.0374,-0.0033,0.96
35,5000,0.0,1.0,0.0,0.0101,0.0,-0.2083,-103.26,3.03,1.11,88649.0,0.0,0.0002,0.0014,-12.3951,-0.0001,657.916,-0.0048,0.96
36,5000,0.0,1.0,0.0,0.01,0.0,-0.2083,-102.79,3.02,1.11,88352.0,0.0,0.0002,0.0014,-12.2808,-0.0001,640.6981,-0.0032,0.96
37,5000,0.0,1.0,0.0,0.01,0.0,-0.2083,-103.89,3.05,1.11,88236.0,0.0,0.0002,0.0014,-12.2326,-0.0001,614.2103,-0.0033,0.96
38,5000,0.0,1.0,0.0,0.0099,0.0,-0.2083,-94.02,2.76,1.12,87707.0,0.0,0.0002,0.0013,-12.149,-0.0001,669.2333,-0.0021,0.96
39,5000,0.0,1.0,0.0,0.0098,0.0,-0.2083,-104.69,3.1,1.12,87947.0,0.0,0.0002,0.0013,-12.0553,-0.0001,672.8414,-0.0054,0.96
40,5000,0.0,1.0,0.0,0.0099,0.0,-0.2083,-100.73,2.96,1.13,87361.0,0.0,0.0002,0.0013,-12.0659,-0.0001,652.239,-0.0055,0.96
41,5000,0.0,1.0,0.0,0.0098,0.0,-0.2083,-101.7,2.99,1.12,88110.0,0.0,0.0002,0.0013,-12.0139,-0.0001,574.6384,-0.0044,0.96
42,5000,0.0,1.0,0.0,0.0098,0.0,-0.2083,-97.03,2.83,1.12,87952.0,0.0,0.0002,0.0013,-11.9035,-0.0001,585.6336,-0.0004,0.95
43,5000,0.0,1.0,0.0,0.0097,0.0,-0.2083,-95.77,2.81,1.12,87965.0,0.0,0.0002,0.0013,-11.8221,-0.0001,511.9818,-0.0006,0.95
44,5000,0.0,1.0,0.0,0.0097,0.0,-0.2083,-91.61,2.68,1.12,87635.0,0.0,0.0002,0.0013,-11.7701,-0.0001,491.6382,-0.0051,0.95
45,5000,0.0,1.0,0.0,0.0097,0.0,-0.2083,-96.03,2.82,1.13,86703.0,0.0,0.0002,0.0013,-11.7181,-0.0001,457.2016,-0.0036,0.95
46,5000,0.0,1.0,0.0,0.0096,0.0,-0.2083,-99.0,2.92,1.18,83574.0,0.0,0.0002,0.0013,-11.6474,-0.0001,473.121,-0.0031,0.95
47,5000,0.0,1.0,0.0,0.0096,0.0,-0.2083,-95.31,2.8,1.13,87174.0,0.0,0.0002,0.0013,-11.6306,-0.0001,453.9202,-0.0034,0.94
48,5000,0.0,1.0,0.0,0.0095,0.0,-0.2083,-99.78,2.97,1.12,87507.0,0.0,0.0002,0.0013,-11.5477,-0.0001,427.244,-0.004,0.94
49,5000,0.0,1.0,0.0,0.0095,0.0,-0.2083,-90.93,2.68,1.12,87405.0,0.0,0.0002,0.0013,-11.5005,-0.0001,417.0518,-0.0034,0.94
50,5000,0.0,1.0,0.0,0.0095,0.0,-0.2083,-97.63,2.92,1.13,86619.0,0.0,0.0002,0.0013,-11.4834,-0.0001,422.7149,-0.0005,0.94
51,5000,0.0,1.0,0.0,0.0095,0.0,-0.2083,-97.95,2.92,1.14,85924.0,0.0,0.0002,0.0013,-11.4256,-0.0001,410.5372,-0.0051,0.93
52,5000,0.0,1.0,0.0,0.0095,0.0,-0.2083,-92.26,2.75,1.12,87713.0,0.0,0.0002,0.0013,-11.3708,-0.0001,432.1978,-0.0042,0.93
53,5000,0.0,1.0,0.0,0.0094,0.0,-0.2083,-92.7,2.75,1.12,87483.0,0.0,0.0002,0.0013,-11.2819,-0.0001,459.5507,-0.0035,0.93
54,5000,0.0,1.0,0.0,0.0094,0.0,-0.2083,-91.53,2.7,1.13,86788.0,0.0,0.0002,0.0013,-11.2537,-0.0001,426.6199,-0.0048,0.93
55,5000,0.0,1.0,0.0,0.0094,0.0,-0.2083,-94.17,2.81,1.13,86753.0,0.0,0.0002,0.0013,-11.2178,-0.0001,458.9294,-0.0037,0.93
56,5000,0.0,1.0,0.0,0.0094,0.0,-0.2083,-97.93,2.95,1.14,86192.0,0.0,0.0002,0.0013,-11.2118,-0.0001,495.0577,-0.0007,0.93
57,5000,0.0,1.0,0.0,0.0093,0.0,-0.2083,-91.53,2.73,1.12,87709.0,0.0,0.0002,0.0013,-11.1756,-0.0001,466.2509,-0.0003,0.92
58,5000,0.0,1.0,0.0,0.0094,0.0,-0.2083,-93.58,2.83,1.15,85133.0,0.0,0.0002,0.0013,-11.1381,-0.0001,496.9507,-0.003,0.92
59,5000,0.0,1.0,0.0,0.0093,0.0,-0.2083,-89.48,2.66,1.15,85179.0,0.0,0.0002,0.0013,-11.124,-0.0001,452.4806,-0.0025,0.92
60,5000,0.0,1.0,0.0,0.0094,0.0,-0.2083,-95.33,2.87,1.13,87288.0,0.0,0.0002,0.0013,-11.1241,-0.0001,498.345,-0.0037,0.92
61,5000,0.0,1.0,0.0,0.0094,0.0,-0.2083,-93.01,2.79,1.14,86179.0,0.0,0.0002,0.0013,-11.0695,-0.0001,473.9012,-0.0021,0.92
62,5000,0.0,1.0,0.0,0.0093,0.0,-0.2083,-94.71,2.8,1.18,83494.0,0.0,0.0002,0.0013,-11.0328,-0.0001,419.6531,0.0008,0.92
63,5000,0.0,1.0,0.0,0.0094,0.0,-0.2083,-97.14,2.96,1.15,85803.0,0.0,0.0002,0.0013,-11.0728,-0.0001,479.0038,-0.0043,0.92
64,5000,0.0,1.0,0.0,0.0093,0.0,-0.2083,-98.03,2.96,1.14,85952.0,0.0,0.0002,0.0013,-10.9967,-0.0001,451.0838,-0.0029,0.92
65,5000,0.0,1.0,0.0,0.0093,0.0,-0.2083,-92.89,2.79,1.16,85100.0,0.0,0.0002,0.0013,-11.0142,-0.0001,487.2833,-0.003,0.91
66,5000,0.0,1.0,0.0,0.0093,0.0,-0.2083,-87.57,2.63,1.16,84802.0,0.0,0.0002,0.0013,-10.9871,-0.0001,449.6931,-0.0022,0.92
67,5000,0.0,1.0,0.0,0.0093,0.0,-0.2083,-87.67,2.66,1.16,84790.0,0.0,0.0002,0.0013,-10.9929,-0.0001,528.7487,-0.0037,0.91
68,5000,0.0,1.0,0.0,0.0093,0.0,-0.2083,-93.55,2.83,1.16,84742.0,0.0,0.0002,0.0013,-10.9356,-0.0001,458.0379,-0.0027,0.91
69,5000,0.0,1.0,0.0,0.0092,0.0,-0.2083,-93.17,2.78,1.13,87066.0,0.0,0.0002,0.0013,-10.9014,-0.0001,431.5448,-0.0009,0.91
70,5000,0.0,1.0,0.0,0.0092,0.0,-0.2083,-90.61,2.73,1.15,85740.0,0.0,0.0002,0.0013,-10.8918,-0.0001,435.6845,-0.0035,0.91
71,5000,0.0,1.0,0.0,0.0092,0.0,-0.2083,-91.96,2.81,1.15,85488.0,0.0,0.0002,0.0013,-10.8428,-0.0001,450.6808,-0.0029,0.91
72,5000,0.0,1.0,0.0,0.0092,0.0,-0.2083,-92.04,2.8,1.19,82612.0,0.0,0.0002,0.0013,-10.7967,-0.0001,442.5839,-0.002,0.91
73,5000,0.0,1.0,0.0,0.0092,0.0,-0.2083,-91.92,2.81,1.14,85913.0,0.0,0.0002,0.0013,-10.7915,-0.0001,456.9227,-0.0046,0.91
74,5000,0.0,1.0,0.0,0.0092,0.0,-0.2083,-89.02,2.72,1.21,80980.0,0.0,0.0002,0.0013,-10.7492,-0.0001,438.3574,-0.0015,0.91
75,5000,0.0,1.0,0.0,0.0092,0.0,-0.2083,-91.11,2.77,1.15,85776.0,0.0,0.0002,0.0013,-10.7441,-0.0001,464.6592,-0.0021,0.91
76,5000,0.0,1.0,0.0,0.0092,0.0,-0.2083,-89.06,2.7,1.21,81378.0,0.0,0.0002,0.0013,-10.7439,-0.0001,452.0397,-0.0026,0.91
77,5000,0.0,1.0,0.0,0.0092,0.0,-0.2083,-93.13,2.86,1.15,85148.0,0.0,0.0002,0.0012,-10.7,-0.0001,408.7809,-0.003,0.9
78,5000,0.0,1.0,0.0,0.0092,0.0,-0.2083,-89.15,2.72,1.23,79869.0,0.0,0.0002,0.0013,-10.7026,-0.0001,415.6459,-0.0006,0.9
79,5000,0.0,1.0,0.0,0.0092,0.0,-0.2083,-91.28,2.82,1.27,77648.0,0.0,0.0002,0.0012,-10.654,-0.0001,419.6788,-0.0042,0.9
80,5000,0.0,1.0,0.0,0.0092,0.0,-0.2083,-88.46,2.69,1.28,76653.0,0.0,0.0002,0.0012,-10.6386,-0.0001,456.7263,-0.0007,0.9
81,5000,0.0,1.0,0.0,0.0091,0.0,-0.2083,-92.82,2.87,1.15,85527.0,0.0,0.0002,0.0012,-10.6157,-0.0001,389.0554,-0.0009,0.9
82,5000,0.0,1.0,0.0,0.0092,0.0,-0.2083,-89.04,2.71,1.14,86448.0,0.0,0.0002,0.0012,-10.6352,-0.0001,386.8458,-0.0018,0.9
83,5000,0.0,1.0,0.0,0.0091,0.0,-0.2083,-95.16,2.93,1.14,86594.0,0.0,0.0002,0.0012,-10.6137,-0.0001,383.6485,-0.0011,0.9
84,5000,0.0,1.0,0.0,0.0091,0.0,-0.2083,-88.73,2.74,1.14,85948.0,0.0,0.0002,0.0012,-10.5745,-0.0001,369.4634,-0.0017,0.9
85,5000,0.0,1.0,0.0,0.0091,0.0,-0.2083,-86.85,2.68,1.15,85186.0,0.0,0.0002,0.0012,-10.5749,-0.0001,373.826,-0.0044,0.89
86,5000,0.0,1.0,0.0,0.0091,0.0,-0.2083,-87.82,2.71,1.15,85710.0,0.0,0.0002,0.0012,-10.5346,-0.0001,360.8894,-0.0014,0.89
87,5000,0.0,1.0,0.0,0.0091,0.0,-0.2083,-92.02,2.84,1.15,85815.0,0.0,0.0002,0.0012,-10.5394,-0.0001,392.8733,-0.0013,0.89
88,5000,0.0,1.0,0.0,0.0091,0.0,-0.2083,-86.56,2.62,1.15,85642.0,0.0,0.0002,0.0012,-10.5379,-0.0001,350.6274,-0.0027,0.89
89,5000,0.0,1.0,0.0,0.0091,0.0,-0.2083,-87.13,2.68,1.17,83814.0,0.0,0.0002,0.0012,-10.5218,-0.0001,369.6359,-0.001,0.89
90,5000,0.0,1.0,0.0,0.0091,0.0,-0.2083,-88.33,2.73,1.17,83955.0,0.0,0.0002,0.0012,-10.5052,-0.0001,345.1964,-0.004,0.89
91,5000,0.0,1.0,0.0,0.0091,0.0,-0.2083,-87.14,2.68,1.17,84039.0,0.0,0.0002,0.0012,-10.5042,-0.0001,349.619,-0.0024,0.89
92,5000,0.0,1.0,0.0,0.0091,0.0,-0.2083,-89.2,2.75,1.15,85589.0,0.0,0.0002,0.0012,-10.4675,-0.0001,344.2734,-0.0004,0.88
93,5000,0.0,1.0,0.0,0.0091,0.0,-0.2083,-88.74,2.74,1.15,85190.0,0.0,0.0002,0.0012,-10.4553,-0.0001,336.1124,-0.0034,0.88
94,5000,0.0,1.0,0.0,0.0091,0.0,-0.2083,-88.01,2.72,1.15,85623.0,0.0,0.0002,0.0012,-10.4401,-0.0001,356.7578,-0.0018,0.88
95,5000,0.0,1.0,0.0,0.0091,0.0,-0.2083,-85.11,2.63,1.14,85972.0,0.0,0.0002,0.0012,-10.4639,-0.0001,360.2679,-0.003,0.88
96,5000,0.0,1.0,0.0,0.0091,0.0,-0.2083,-86.42,2.67,1.16,84924.0,0.0,0.0002,0.0012,-10.3957,-0.0001,338.9116,-0.0005,0.88
97,5000,0.0,1.0,0.0,0.0091,0.0,-0.2083,-90.22,2.79,1.17,84241.0,0.0,0.0002,0.0012,-10.4311,-0.0001,360.2165,-0.0018,0.88
98,5000,0.0,1.0,0.0,0.0091,0.0,-0.2083,-87.23,2.7,1.18,83556.0,0.0,0.0002,0.0012,-10.4358,-0.0001,349.8236,-0.0044,0.88
99,5000,0.0,1.0,0.0,0.0091,0.0,-0.2083,-85.46,2.65,1.16,84763.0,0.0,0.0002,0.0012,-10.3489,-0.0001,353.9098,-0.0042,0.88
100,5000,0.0,1.0,0.0,0.009,0.0,-0.2083,-82.36,2.54,1.15,85221.0,0.0,0.0002,0.0012,-10.3618,-0.0001,338.9412,-0.0048,0.88
101,5000,0.0,1.0,0.0,0.0091,0.0,-0.2083,-86.14,2.68,1.14,85864.0,0.0,0.0002,0.0012,-10.3558,-0.0001,325.6923,-0.0029,0.87
102,5000,0.0,1.0,0.0,0.009,0.0,-0.2083,-81.67,2.51,1.2,82225.0,0.0,0.0002,0.0012,-10.2976,-0.0001,329.2856,-0.0038,0.88
103,5000,0.0,1.0,0.0,0.009,0.0,-0.2083,-87.32,2.73,1.18,83582.0,0.0,0.0002,0.0012,-10.3137,-0.0001,371.3337,-0.0037,0.88
104,5000,0.0,1.0,0.0,0.009,0.0,-0.2083,-84.4,2.63,1.18,83410.0,0.0,0.0002,0.0012,-10.2833,-0.0001,341.0641,-0.002,0.88
105,5000,0.0,1.0,0.0,0.009,0.0,-0.2083,-87.96,2.74,1.16,84688.0,0.0,0.0002,0.0012,-10.2447,-0.0001,372.3503,-0.001,0.88
106,5000,0.0,1.0,0.0,0.009,0.0,-0.2083,-84.91,2.63,1.18,83154.0,0.0,0.0002,0.0012,-10.2745,-0.0001,329.9902,-0.0045,0.88
107,5000,0.0,1.0,0.0,0.009,0.0,-0.2083,-85.77,2.66,1.18,83593.0,0.0,0.0002,0.0012,-10.2191,-0.0001,356.9373,-0.0039,0.88
108,5000,0.0,1.0,0.0,0.009,0.0,-0.2083,-79.57,2.46,1.17,84310.0,0.0,0.0002,0.0012,-10.2125,-0.0001,348.8496,-0.001,0.87
109,5000,0.0,1.0,0.0,0.009,0.0,-0.2083,-86.71,2.73,1.18,83627.0,0.0,0.0002,0.0012,-10.2203,-0.0001,365.672,-0.002,0.88
110,5000,0.0,1.0,0.0,0.009,0.0,-0.2083,-84.27,2.64,1.16,84972.0,0.0,0.0002,0.0012,-10.2232,-0.0001,345.7165,-0.0014,0.88
111,5000,0.0,1.0,0.0,0.009,0.0,-0.2083,-84.67,2.65,1.17,83810.0,0.0,0.0002,0.0012,-10.1598,-0.0001,354.9482,-0.0014,0.88
112,5000,0.0,1.0,0.0,0.009,0.0,-0.2083,-87.64,2.75,1.18,83652.0,0.0,0.0002,0.0012,-10.1372,-0.0001,363.7399,-0.0033,0.88
113,5000,0.0,1.0,0.0,0.009,0.0,-0.2083,-85.46,2.66,1.18,82967.0,0.0,0.0002,0.0012,-10.1556,-0.0001,380.7089,-0.0012,0.88
114,5000,0.0,1.0,0.0,0.0089,0.0,-0.2083,-85.5,2.7,1.16,84520.0,0.0,0.0002,0.0012,-10.1088,-0.0001,330.0982,0.0005,0.87
115,5000,0.0,1.0,0.0,0.0089,0.0,-0.2083,-84.42,2.63,1.16,84977.0,0.0,0.0002,0.0012,-10.1164,-0.0001,324.5638,-0.0022,0.87
116,5000,0.0,1.0,0.0,0.009,0.0,-0.2083,-84.38,2.63,1.15,85222.0,0.0,0.0002,0.0012,-10.1184,-0.0001,327.7419,-0.0025,0.87
117,5000,0.0,1.0,0.0,0.009,0.0,-0.2083,-84.4,2.64,1.17,84261.0,0.0,0.0002,0.0012,-10.1197,-0.0001,328.2508,-0.0019,0.87
118,5000,0.0,1.0,0.0,0.009,0.0,-0.2083,-85.89,2.67,1.15,85366.0,0.0,0.0002,0.0012,-10.084,-0.0001,450.7926,-0.0004,0.87
119,5000,0.0,1.0,0.0,0.009,0.0,-0.2083,-82.71,2.6,1.16,84535.0,0.0,0.0002,0.0012,-10.0924,-0.0001,348.5852,-0.0008,0.87
120,5000,0.0,1.0,0.0,0.009,0.0,-0.2083,-85.32,2.68,1.17,84191.0,0.0,0.0002,0.0012,-10.1134,-0.0002,317.2325,-0.0017,0.88
121,5000,0.0,1.0,0.0,0.009,0.0,-0.2083,-83.28,2.6,1.16,84727.0,0.0,0.0002,0.0012,-10.0938,-0.0002,318.7363,-0.0035,0.87
122,5000,0.0,1.0,0.0,0.009,0.0,-0.2083,-85.87,2.73,1.16,84916.0,0.0,0.0002,0.0012,-10.0801,-0.0002,381.6905,-0.001,0.87
123,5000,0.0,1.0,0.0,0.0089,0.0,-0.2083,-86.23,2.7,1.16,84655.0,0.0,0.0002,0.0012,-10.1036,-0.0002,318.4655,-0.0013,0.87
124,5000,0.0,1.0,0.0,0.0089,0.0,-0.2083,-87.88,2.76,1.19,82589.0,0.0,0.0002,0.0012,-10.0255,-0.0002,301.8557,-0.0015,0.87
125,5000,0.0,1.0,0.0,0.0089,0.0,-0.2083,-87.89,2.79,1.24,79220.0,0.0,0.0002,0.0012,-10.0564,-0.0002,359.6684,-0.0001,0.87
126,5000,0.0,1.0,0.0,0.009,0.0,-0.2083,-83.75,2.61,1.18,83116.0,0.0,0.0002,0.0012,-10.0637,-0.0002,298.9179,0.0001,0.87
127,5000,0.0,1.0,0.0,0.0089,0.0,-0.2083,-83.22,2.59,1.16,84826.0,0.0,0.0002,0.0012,-10.0542,-0.0002,349.6787,-0.0031,0.87
128,5000,0.0,1.0,0.0,0.0089,0.0,-0.2083,-86.63,2.74,1.17,84039.0,0.0,0.0002,0.0012,-10.0695,-0.0002,313.9637,-0.0008,0.87
129,5000,0.0,1.0,0.0,0.0089,0.0,-0.2083,-81.64,2.54,1.16,84840.0,0.0,0.0002,0.0012,-10.0541,-0.0002,301.3575,-0.002,0.87
130,5000,0.0,1.0,0.0,0.009,0.0,-0.2083,-87.62,2.79,1.17,83875.0,0.0,0.0002,0.0012,-10.0805,-0.0002,425.3844,0.0013,0.87
131,5000,0.0,1.0,0.0,0.0089,0.0,-0.2083,-83.82,2.63,1.18,83493.0,0.0,0.0002,0.0012,-10.0465,-0.0002,321.6335,-0.0018,0.87
132,5000,0.0,1.0,0.0,0.0089,0.0,-0.2083,-83.56,2.65,1.17,83724.0,0.0,0.0002,0.0012,-10.0325,-0.0002,311.9668,-0.0034,0.87
133,5000,0.0,1.0,0.0,0.0089,0.0,-0.2083,-85.23,2.7,1.15,85121.0,0.0,0.0002,0.0012,-10.0237,-0.0002,324.8883,-0.0015,0.87
134,5000,0.0,1.0,0.0,0.0089,0.0,-0.2083,-86.25,2.7,1.16,84855.0,0.0,0.0002,0.0012,-10.0217,-0.0002,309.7123,-0.0,0.87
135,5000,0.0,1.0,0.0,0.0089,0.0,-0.2083,-80.98,2.54,1.18,83527.0,0.0,0.0002,0.0012,-10.0044,-0.0002,313.772,-0.0035,0.87
136,5000,0.0,1.0,0.0,0.0089,0.0,-0.2083,-86.3,2.75,1.2,82126.0,0.0,0.0002,0.0012,-9.9428,-0.0002,316.7973,-0.0029,0.87
137,5000,0.0,1.0,0.0,0.0089,0.0,-0.2083,-84.08,2.66,1.16,84470.0,0.0,0.0002,0.0012,-9.9535,-0.0002,320.0446,-0.0007,0.87
138,5000,0.0,1.0,0.0,0.0089,0.0,-0.2083,-85.89,2.72,1.16,84519.0,0.0,0.0002,0.0012,-9.9423,-0.0002,321.9898,-0.0017,0.87
139,5000,0.0,1.0,0.0,0.0089,0.0,-0.2083,-82.96,2.64,1.15,85146.0,0.0,0.0002,0.0012,-9.9581,-0.0002,309.4673,-0.0035,0.87
140,5000,0.0,1.0,0.0,0.0089,0.0,-0.2083,-83.83,2.66,1.17,83751.0,0.0,0.0002,0.0012,-9.9297,-0.0002,322.025,-0.0001,0.87
141,5000,0.0,1.0,0.0,0.0089,0.0,-0.2083,-86.49,2.76,1.16,84842.0,0.0,0.0002,0.0012,-9.9337,-0.0002,318.8315,-0.0011,0.87
142,5000,0.0,1.0,0.0,0.0089,0.0,-0.2083,-86.97,2.76,1.16,84473.0,0.0,0.0002,0.0012,-9.945,-0.0002,302.5474,-0.002,0.87
143,5000,0.0,1.0,0.0,0.0089,0.0,-0.2083,-83.9,2.67,1.18,83454.0,0.0,0.0002,0.0012,-9.9424,-0.0002,301.9472,-0.0021,0.87
144,5000,0.0,1.0,0.0,0.0089,0.0,-0.2083,-83.64,2.66,1.2,82028.0,0.0,0.0002,0.0012,-9.9123,-0.0002,319.2295,-0.0029,0.87
145,5000,0.0,1.0,0.0,0.0089,0.0,-0.2083,-82.73,2.6,1.18,83304.0,0.0,0.0002,0.0012,-9.9037,-0.0002,319.781,-0.0032,0.87
146,5000,0.0,1.0,0.0,0.0089,0.0,-0.2083,-83.04,2.64,1.17,84015.0,0.0,0.0002,0.0012,-9.9255,-0.0002,300.6932,-0.0021,0.87
147,5000,0.0,1.0,0.0,0.0089,0.0,-0.2083,-85.88,2.74,1.18,83276.0,0.0,0.0002,0.0012,-9.9172,-0.0002,311.5126,-0.0025,0.87
148,5000,0.0,1.0,0.0,0.0089,0.0,-0.2083,-85.4,2.69,1.16,84555.0,0.0,0.0002,0.0012,-9.9332,-0.0002,315.124,-0.0007,0.87
149,5000,0.0,1.0,0.0,0.0089,0.0,-0.2083,-80.66,2.55,1.18,83354.0,0.0,0.0002,0.0012,-9.896,-0.0002,305.7234,0.0003,0.87
150,5000,0.0,1.0,0.0,0.0089,0.0,-0.2083,-79.69,2.51,1.2,82096.0,0.0,0.0002,0.0012,-9.918,-0.0002,292.0675,-0.0032,0.87
151,5000,0.0,1.0,0.0,0.0089,0.0,-0.2083,-81.95,2.6,1.17,83733.0,0.0,0.0002,0.0012,-9.8934,-0.0002,305.8532,-0.002,0.87
152,5000,0.0,1.0,0.0,0.0089,0.0,-0.2083,-83.9,2.65,1.18,83258.0,0.0,0.0002,0.0012,-9.9042,-0.0002,337.558,-0.001,0.87
153,5000,0.0,1.0,0.0,0.0088,0.0,-0.2083,-84.32,2.68,1.22,80881.0,0.0,0.0002,0.0012,-9.8518,-0.0002,310.4873,-0.0019,0.87
154,5000,0.0,1.0,0.0,0.0089,0.0,-0.2083,-86.18,2.75,1.23,79908.0,0.0,0.0002,0.0012,-9.8796,-0.0002,282.3375,-0.001,0.87
155,5000,0.0,1.0,0.0,0.0089,0.0,-0.2083,-85.75,2.56,1.18,83272.0,0.0,0.0002,0.0012,-9.8992,-0.0002,296.5416,-0.0016,0.87
156,5000,0.0,1.0,0.0,0.0089,0.0,-0.2083,-86.33,2.75,1.21,81225.0,0.0,0.0002,0.0012,-9.8545,-0.0002,276.3446,0.0005,0.87
157,5000,0.0,1.0,0.0,0.0089,0.0,-0.2083,-85.42,2.73,1.32,74619.0,0.0,0.0002,0.0012,-9.8431,-0.0002,288.6503,-0.0012,0.87
158,5000,0.0,1.0,0.0,0.0088,0.0,-0.2083,-84.04,2.66,1.23,80142.0,0.0,0.0002,0.0012,-9.8696,-0.0002,321.5299,-0.0032,0.87
159,5000,0.0,1.0,0.0,0.0089,0.0,-0.2083,-85.51,2.73,1.16,84809.0,0.0,0.0002,0.0012,-9.8755,-0.0002,375.2672,-0.0019,0.87
160,5000,0.0,1.0,0.0,0.0088,0.0,-0.2083,-84.58,2.69,1.16,85095.0,0.0,0.0002,0.0012,-9.8642,-0.0002,302.5991,-0.0009,0.87
161,5000,0.0,1.0,0.0,0.0089,0.0,-0.2083,-80.63,2.53,1.17,84075.0,0.0,0.0002,0.0012,-9.8602,-0.0002,299.0839,-0.0023,0.87
162,5000,0.0,1.0,0.0,0.0088,0.0,-0.2083,-82.13,2.61,1.22,80427.0,0.0,0.0002,0.0012,-9.8149,-0.0002,312.0901,-0.0007,0.87
163,5000,0.0,1.0,0.0,0.0088,0.0,-0.2083,-85.28,2.69,1.2,81997.0,0.0,0.0002,0.0012,-9.8286,-0.0002,290.2918,-0.0009,0.87
164,5000,0.0,1.0,0.0,0.0088,0.0,-0.2083,-82.25,2.6,1.2,81895.0,0.0,0.0002,0.0012,-9.8099,-0.0002,299.4917,-0.0015,0.87
165,5000,0.0,1.0,0.0,0.0088,0.0,-0.2083,-84.41,2.7,1.2,81937.0,0.0,0.0002,0.0012,-9.8116,-0.0002,305.8951,-0.0017,0.87
166,5000,0.0,1.0,0.0,0.0088,0.0,-0.2083,-82.31,2.59,1.19,82858.0,0.0,0.0001,0.0012,-9.8017,-0.0002,333.5225,-0.0022,0.87
167,5000,0.0,1.0,0.0,0.0088,0.0,-0.2083,-83.79,2.65,1.18,83499.0,0.0,0.0002,0.0012,-9.7819,-0.0002,331.7247,-0.0031,0.87
168,5000,0.0,1.0,0.0,0.0088,0.0,-0.2083,-84.77,2.67,1.19,82499.0,0.0,0.0002,0.0012,-9.8071,-0.0002,308.6394,-0.0019,0.87
169,5000,0.0,1.0,0.0,0.0088,0.0,-0.2083,-79.33,2.5,1.23,80206.0,0.0,0.0002,0.0012,-9.8119,-0.0002,289.7508,-0.0034,0.87
170,5000,0.0,1.0,0.0,0.0088,0.0,-0.2083,-82.48,2.62,1.19,82431.0,0.0,0.0002,0.0012,-9.7941,-0.0002,331.0901,-0.0014,0.87
171,5000,0.0,1.0,0.0,0.0088,0.0,-0.2083,-87.28,2.8,1.19,82739.0,0.0,0.0002,0.0012,-9.7549,-0.0002,282.6038,-0.001,0.87
172,5000,0.0,1.0,0.0,0.0088,0.0,-0.2083,-85.7,2.73,1.2,82236.0,0.0,0.0002,0.0012,-9.7728,-0.0002,289.6922,-0.0005,0.87
173,5000,0.0,1.0,0.0,0.0087,0.0,-0.2083,-83.92,2.67,1.2,82210.0,0.0,0.0001,0.0012,-9.7573,-0.0002,296.6265,-0.0012,0.87
174,5000,0.0,1.0,0.0,0.0088,0.0,-0.2083,-80.98,2.57,1.19,82325.0,0.0,0.0002,0.0012,-9.7752,-0.0002,294.9789,-0.0009,0.87
175,5000,0.0,1.0,0.0,0.0088,0.0,-0.2083,-82.16,2.62,1.2,82017.0,0.0,0.0002,0.0012,-9.7763,-0.0002,304.0971,0.0007,0.87
176,5000,0.0,1.0,0.0,0.0088,0.0,-0.2083,-82.24,2.59,1.2,82058.0,0.0,0.0002,0.0012,-9.743,-0.0002,320.2944,-0.0031,0.87
177,5000,0.0,1.0,0.0,0.0088,0.0,-0.2083,-81.04,2.58,1.2,82128.0,0.0,0.0002,0.0012,-9.7587,-0.0002,293.1883,-0.0018,0.87
178,5000,0.0,1.0,0.0,0.0087,0.0,-0.2083,-82.75,2.61,1.19,82560.0,0.0,0.0001,0.0012,-9.7177,-0.0002,279.1239,-0.0006,0.87
179,5000,0.0,1.0,0.0,0.0087,0.0,-0.2083,-83.51,2.67,1.21,81359.0,0.0,0.0002,0.0012,-9.747,-0.0002,284.3765,0.002,0.87
180,5000,0.0,1.0,0.0,0.0087,0.0,-0.2083,-83.26,2.67,1.2,82045.0,0.0,0.0002,0.0012,-9.7347,-0.0002,298.7022,-0.0029,0.87
181,5000,0.0,1.0,0.0,0.0088,0.0,-0.2083,-84.68,2.69,1.19,82520.0,0.0,0.0002,0.0012,-9.7449,-0.0002,279.1355,-0.0015,0.87
182,5000,0.0,1.0,0.0,0.0088,0.0,-0.2083,-83.71,2.65,1.18,83405.0,0.0,0.0001,0.0012,-9.7398,-0.0002,322.8337,0.0017,0.87
183,5000,0.0,1.0,0.0,0.0088,0.0,-0.2083,-86.4,2.73,1.18,83411.0,0.0,0.0002,0.0012,-9.7422,-0.0002,283.1477,-0.001,0.87
184,5000,0.0,1.0,0.0,0.0088,0.0,-0.2083,-82.86,2.64,1.2,82233.0,0.0,0.0002,0.0012,-9.7554,-0.0002,291.7617,-0.001,0.88
185,5000,0.0,1.0,0.0,0.0087,0.0,-0.2083,-84.45,2.68,1.18,83473.0,0.0,0.0001,0.0012,-9.7365,-0.0002,316.3052,-0.0016,0.88
186,5000,0.0,1.0,0.0,0.0087,0.0,-0.2083,-82.1,2.53,1.18,83180.0,0.0,0.0002,0.0012,-9.6951,-0.0002,274.9942,0.0009,0.88
187,5000,0.0,1.0,0.0,0.0087,0.0,-0.2083,-84.15,2.67,1.2,82025.0,0.0,0.0001,0.0012,-9.7316,-0.0002,306.9771,-0.0029,0.88
188,5000,0.0,1.0,0.0,0.0087,0.0,-0.2083,-87.54,2.79,1.19,82529.0,0.0,0.0001,0.0012,-9.7237,-0.0002,307.841,-0.0005,0.88
189,5000,0.0,1.0,0.0,0.0087,0.0,-0.2083,-80.99,2.58,1.2,82247.0,0.0,0.0002,0.0012,-9.6899,-0.0002,270.0856,-0.0025,0.88
190,5000,0.0,1.0,0.0,0.0088,0.0,-0.2083,-82.73,2.64,1.2,81839.0,0.0,0.0002,0.0012,-9.7432,-0.0002,286.3056,0.0001,0.88
191,5000,0.0,1.0,0.0,0.0087,0.0,-0.2083,-85.46,2.74,1.2,82089.0,0.0,0.0001,0.0012,-9.6958,-0.0002,270.0664,0.0011,0.88
192,5000,0.0,1.0,0.0,0.0088,0.0,-0.2083,-80.85,2.58,1.19,82687.0,0.0,0.0001,0.0012,-9.7,-0.0002,332.9444,-0.0017,0.88
193,5000,0.0,1.0,0.0,0.0087,0.0,-0.2083,-83.66,2.66,1.19,82886.0,0.0,0.0002,0.0012,-9.7021,-0.0002,290.0929,-0.0018,0.88
194,5000,0.0,1.0,0.0,0.0087,0.0,-0.2083,-84.81,2.71,1.21,81374.0,0.0,0.0001,0.0012,-9.6956,-0.0002,280.1765,-0.0014,0.88
195,5000,0.0,1.0,0.0,0.0087,0.0,-0.2083,-84.62,2.7,1.18,83017.0,0.0,0.0001,0.0012,-9.7003,-0.0002,294.3151,-0.0018,0.88
196,5000,0.0,1.0,0.0,0.0087,0.0,-0.2083,-81.0,2.58,1.17,83996.0,0.0,0.0001,0.0012,-9.6787,-0.0002,331.3575,-0.0013,0.88
197,5000,0.0,1.0,0.0,0.0087,0.0,-0.2083,-81.79,2.55,1.18,83379.0,0.0,0.0001,0.0012,-9.6601,-0.0002,270.9135,-0.0005,0.88
198,5000,0.0,1.0,0.0,0.0087,0.0,-0.2083,-79.68,2.54,1.18,83313.0,0.0,0.0001,0.0012,-9.6465,-0.0002,305.6684,-0.0003,0.88
199,5000,0.0,1.0,0.0,0.0087,0.0,-0.2083,-81.43,2.58,1.19,82332.0,0.0,0.0001,0.0012,-9.6828,-0.0002,301.0954,-0.0026,0.88
200,5000,0.0,1.0,0.0,0.0087,0.0,-0.2083,-78.69,2.49,1.19,82953.0,0.0,0.0001,0.0012,-9.6643,-0.0002,286.3003,0.0016,0.88
201,5000,0.0,1.0,0.0,0.0087,0.0,-0.2083,-81.98,2.64,1.19,82920.0,0.0,0.0001,0.0012,-9.6506,-0.0002,280.8298,-0.0034,0.88
202,5000,0.0,1.0,0.0,0.0087,0.0,-0.2083,-80.86,2.58,1.21,81418.0,0.0,0.0001,0.0012,-9.6713,-0.0002,288.8965,-0.001,0.89
203,5000,0.0,1.0,0.0,0.0087,0.0,-0.2083,-79.17,2.51,1.2,81924.0,0.0,0.0002,0.0012,-9.6689,-0.0002,302.7765,-0.0027,0.89
204,5000,0.0,1.0,0.0,0.0087,0.0,-0.2083,-83.21,2.66,1.2,81765.0,0.0,0.0002,0.0012,-9.6304,-0.0002,261.5112,-0.0009,0.89
205,5000,0.0,1.0,0.0,0.0087,0.0,-0.2083,-82.28,2.61,1.21,81296.0,0.0,0.0002,0.0012,-9.6704,-0.0002,321.1449,-0.0021,0.88
206,5000,0.0,1.0,0.0,0.0087,0.0,-0.2083,-80.37,2.56,1.19,82617.0,0.0,0.0001,0.0012,-9.6304,-0.0002,277.0703,-0.0021,0.88
207,5000,0.0,1.0,0.0,0.0087,0.0,-0.2083,-83.86,2.66,1.19,82309.0,0.0,0.0001,0.0012,-9.6378,-0.0002,267.0698,-0.0003,0.89
208,5000,0.0,1.0,0.0,0.0087,0.0,-0.2083,-85.23,2.74,1.2,81848.0,0.0,0.0001,0.0012,-9.6361,-0.0002,268.6669,-0.0028,0.89
209,5000,0.0,1.0,0.0,0.0087,0.0,-0.2083,-80.95,2.56,1.2,81738.0,0.0,0.0001,0.0012,-9.6249,-0.0002,278.7442,-0.0007,0.89
210,5000,0.0,1.0,0.0,0.0087,0.0,-0.2083,-79.99,2.55,1.21,81504.0,0.0,0.0001,0.0012,-9.6384,-0.0002,276.3837,-0.0015,0.89
211,5000,0.0,1.0,0.0,0.0087,0.0,-0.2083,-81.56,2.53,1.18,83380.0,0.0,0.0001,0.0012,-9.6129,-0.0002,270.0017,-0.001,0.89
212,5000,0.0,1.0,0.0,0.0087,0.0,-0.2083,-82.39,2.62,1.2,82110.0,0.0,0.0001,0.0012,-9.6222,-0.0002,261.3524,-0.0005,0.89
213,5000,0.0,1.0,0.0,0.0087,0.0,-0.2083,-85.2,2.71,1.19,82841.0,0.0,0.0001,0.0012,-9.6445,-0.0002,281.7791,-0.0026,0.89
214,5000,0.0,1.0,0.0,0.0086,0.0,-0.2083,-76.88,2.43,1.22,80880.0,0.0,0.0001,0.0012,-9.5986,-0.0002,278.5809,-0.0014,0.88
215,5000,0.0,1.0,0.0,0.0087,0.0,-0.2083,-78.23,2.48,1.2,81983.0,0.0,0.0001,0.0012,-9.6142,-0.0002,262.6016,-0.0023,0.89
216,5000,0.0,1.0,0.0,0.0087,0.0,-0.2083,-79.74,2.52,1.21,81262.0,0.0,0.0001,0.0012,-9.6274,-0.0002,274.8654,0.0009,0.89
217,5000,0.0,1.0,0.0,0.0087,0.0,-0.2083,-79.24,2.52,1.22,80736.0,0.0,0.0001,0.0012,-9.6361,-0.0002,285.2557,0.0062,0.89
218,5000,0.0,1.0,0.0,0.0086,0.0,-0.2083,-82.64,2.65,1.17,83745.0,0.0,0.0001,0.0012,-9.611,-0.0002,285.3497,-0.0016,0.89
219,5000,0.0,1.0,0.0,0.0087,0.0,-0.2083,-78.8,2.5,1.19,82451.0,0.0,0.0001,0.0012,-9.6167,-0.0002,291.9766,-0.0034,0.89
220,5000,0.0,1.0,0.0,0.0087,0.0,-0.2083,-81.63,2.61,1.2,81720.0,0.0,0.0001,0.0012,-9.6214,-0.0002,293.1187,-0.0,0.89
221,5000,0.0,1.0,0.0,0.0087,0.0,-0.2083,-77.74,2.48,1.2,82177.0,0.0,0.0001,0.0012,-9.6167,-0.0002,258.3706,0.0001,0.89
222,5000,0.0,1.0,0.0,0.0087,0.0,-0.2083,-81.75,2.61,1.19,82736.0,0.0,0.0001,0.0012,-9.6103,-0.0002,325.085,-0.001,0.89
223,5000,0.0,1.0,0.0,0.0087,0.0,-0.2083,-85.45,2.71,1.18,83362.0,0.0,0.0001,0.0012,-9.609,-0.0002,253.0047,0.003,0.89
224,5000,0.0,1.0,0.0,0.0086,0.0,-0.2083,-80.7,2.55,1.2,82155.0,0.0,0.0001,0.0012,-9.5789,-0.0002,284.4118,-0.0011,0.89
225,5000,0.0,1.0,0.0,0.0086,0.0,-0.2083,-81.47,2.6,1.19,82954.0,0.0,0.0001,0.0012,-9.6086,-0.0002,259.3132,-0.0013,0.89
226,5000,0.0,1.0,0.0,0.0087,0.0,-0.2083,-80.17,2.55,1.19,82287.0,0.0,0.0001,0.0012,-9.6112,-0.0002,269.7186,-0.0017,0.88
